Date,Year,MonthNumber,Month,YearMonth
"lunes, 1 de enero de 2024",2024,1,enero,2024-01
"martes, 2 de enero de 2024",2024,1,enero,2024-01
"miércoles, 3 de enero de 2024",2024,1,enero,2024-01
"jueves, 4 de enero de 2024",2024,1,enero,2024-01
"viernes, 5 de enero de 2024",2024,1,enero,2024-01
"sábado, 6 de enero de 2024",2024,1,enero,2024-01
"domingo, 7 de enero de 2024",2024,1,enero,2024-01
"lunes, 8 de enero de 2024",2024,1,enero,2024-01
"martes, 9 de enero de 2024",2024,1,enero,2024-01
"miércoles, 10 de enero de 2024",2024,1,enero,2024-01
"jueves, 11 de enero de 2024",2024,1,enero,2024-01
"viernes, 12 de enero de 2024",2024,1,enero,2024-01
"sábado, 13 de enero de 2024",2024,1,enero,2024-01
"domingo, 14 de enero de 2024",2024,1,enero,2024-01
"lunes, 15 de enero de 2024",2024,1,enero,2024-01
"martes, 16 de enero de 2024",2024,1,enero,2024-01
"miércoles, 17 de enero de 2024",2024,1,enero,2024-01
"jueves, 18 de enero de 2024",2024,1,enero,2024-01
"viernes, 19 de enero de 2024",2024,1,enero,2024-01
"sábado, 20 de enero de 2024",2024,1,enero,2024-01
"domingo, 21 de enero de 2024",2024,1,enero,2024-01
"lunes, 22 de enero de 2024",2024,1,enero,2024-01
"martes, 23 de enero de 2024",2024,1,enero,2024-01
"miércoles, 24 de enero de 2024",2024,1,enero,2024-01
"jueves, 25 de enero de 2024",2024,1,enero,2024-01
"viernes, 26 de enero de 2024",2024,1,enero,2024-01
"sábado, 27 de enero de 2024",2024,1,enero,2024-01
"domingo, 28 de enero de 2024",2024,1,enero,2024-01
"lunes, 29 de enero de 2024",2024,1,enero,2024-01
"martes, 30 de enero de 2024",2024,1,enero,2024-01
"miércoles, 31 de enero de 2024",2024,1,enero,2024-01
"jueves, 1 de febrero de 2024",2024,2,febrero,2024-02
"viernes, 2 de febrero de 2024",2024,2,febrero,2024-02
"sábado, 3 de febrero de 2024",2024,2,febrero,2024-02
"domingo, 4 de febrero de 2024",2024,2,febrero,2024-02
"lunes, 5 de febrero de 2024",2024,2,febrero,2024-02
"martes, 6 de febrero de 2024",2024,2,febrero,2024-02
"miércoles, 7 de febrero de 2024",2024,2,febrero,2024-02
"jueves, 8 de febrero de 2024",2024,2,febrero,2024-02
"viernes, 9 de febrero de 2024",2024,2,febrero,2024-02
"sábado, 10 de febrero de 2024",2024,2,febrero,2024-02
"domingo, 11 de febrero de 2024",2024,2,febrero,2024-02
"lunes, 12 de febrero de 2024",2024,2,febrero,2024-02
"martes, 13 de febrero de 2024",2024,2,febrero,2024-02
"miércoles, 14 de febrero de 2024",2024,2,febrero,2024-02
"jueves, 15 de febrero de 2024",2024,2,febrero,2024-02
"viernes, 16 de febrero de 2024",2024,2,febrero,2024-02
"sábado, 17 de febrero de 2024",2024,2,febrero,2024-02
"domingo, 18 de febrero de 2024",2024,2,febrero,2024-02
"lunes, 19 de febrero de 2024",2024,2,febrero,2024-02
"martes, 20 de febrero de 2024",2024,2,febrero,2024-02
"miércoles, 21 de febrero de 2024",2024,2,febrero,2024-02
"jueves, 22 de febrero de 2024",2024,2,febrero,2024-02
"viernes, 23 de febrero de 2024",2024,2,febrero,2024-02
"sábado, 24 de febrero de 2024",2024,2,febrero,2024-02
"domingo, 25 de febrero de 2024",2024,2,febrero,2024-02
"lunes, 26 de febrero de 2024",2024,2,febrero,2024-02
"martes, 27 de febrero de 2024",2024,2,febrero,2024-02
"miércoles, 28 de febrero de 2024",2024,2,febrero,2024-02
"jueves, 29 de febrero de 2024",2024,2,febrero,2024-02
"viernes, 1 de marzo de 2024",2024,3,marzo,2024-03
"sábado, 2 de marzo de 2024",2024,3,marzo,2024-03
"domingo, 3 de marzo de 2024",2024,3,marzo,2024-03
"lunes, 4 de marzo de 2024",2024,3,marzo,2024-03
"martes, 5 de marzo de 2024",2024,3,marzo,2024-03
"miércoles, 6 de marzo de 2024",2024,3,marzo,2024-03
"jueves, 7 de marzo de 2024",2024,3,marzo,2024-03
"viernes, 8 de marzo de 2024",2024,3,marzo,2024-03
"sábado, 9 de marzo de 2024",2024,3,marzo,2024-03
"domingo, 10 de marzo de 2024",2024,3,marzo,2024-03
"lunes, 11 de marzo de 2024",2024,3,marzo,2024-03
"martes, 12 de marzo de 2024",2024,3,marzo,2024-03
"miércoles, 13 de marzo de 2024",2024,3,marzo,2024-03
"jueves, 14 de marzo de 2024",2024,3,marzo,2024-03
"viernes, 15 de marzo de 2024",2024,3,marzo,2024-03
"sábado, 16 de marzo de 2024",2024,3,marzo,2024-03
"domingo, 17 de marzo de 2024",2024,3,marzo,2024-03
"lunes, 18 de marzo de 2024",2024,3,marzo,2024-03
"martes, 19 de marzo de 2024",2024,3,marzo,2024-03
"miércoles, 20 de marzo de 2024",2024,3,marzo,2024-03
"jueves, 21 de marzo de 2024",2024,3,marzo,2024-03
"viernes, 22 de marzo de 2024",2024,3,marzo,2024-03
"sábado, 23 de marzo de 2024",2024,3,marzo,2024-03
"domingo, 24 de marzo de 2024",2024,3,marzo,2024-03
"lunes, 25 de marzo de 2024",2024,3,marzo,2024-03
"martes, 26 de marzo de 2024",2024,3,marzo,2024-03
"miércoles, 27 de marzo de 2024",2024,3,marzo,2024-03
"jueves, 28 de marzo de 2024",2024,3,marzo,2024-03
"viernes, 29 de marzo de 2024",2024,3,marzo,2024-03
"sábado, 30 de marzo de 2024",2024,3,marzo,2024-03
"domingo, 31 de marzo de 2024",2024,3,marzo,2024-03
"lunes, 1 de abril de 2024",2024,4,abril,2024-04
"martes, 2 de abril de 2024",2024,4,abril,2024-04
"miércoles, 3 de abril de 2024",2024,4,abril,2024-04
"jueves, 4 de abril de 2024",2024,4,abril,2024-04
"viernes, 5 de abril de 2024",2024,4,abril,2024-04
"sábado, 6 de abril de 2024",2024,4,abril,2024-04
"domingo, 7 de abril de 2024",2024,4,abril,2024-04
"lunes, 8 de abril de 2024",2024,4,abril,2024-04
"martes, 9 de abril de 2024",2024,4,abril,2024-04
"miércoles, 10 de abril de 2024",2024,4,abril,2024-04
"jueves, 11 de abril de 2024",2024,4,abril,2024-04
"viernes, 12 de abril de 2024",2024,4,abril,2024-04
"sábado, 13 de abril de 2024",2024,4,abril,2024-04
"domingo, 14 de abril de 2024",2024,4,abril,2024-04
"lunes, 15 de abril de 2024",2024,4,abril,2024-04
"martes, 16 de abril de 2024",2024,4,abril,2024-04
"miércoles, 17 de abril de 2024",2024,4,abril,2024-04
"jueves, 18 de abril de 2024",2024,4,abril,2024-04
"viernes, 19 de abril de 2024",2024,4,abril,2024-04
"sábado, 20 de abril de 2024",2024,4,abril,2024-04
"domingo, 21 de abril de 2024",2024,4,abril,2024-04
"lunes, 22 de abril de 2024",2024,4,abril,2024-04
"martes, 23 de abril de 2024",2024,4,abril,2024-04
"miércoles, 24 de abril de 2024",2024,4,abril,2024-04
"jueves, 25 de abril de 2024",2024,4,abril,2024-04
"viernes, 26 de abril de 2024",2024,4,abril,2024-04
"sábado, 27 de abril de 2024",2024,4,abril,2024-04
"domingo, 28 de abril de 2024",2024,4,abril,2024-04
"lunes, 29 de abril de 2024",2024,4,abril,2024-04
"martes, 30 de abril de 2024",2024,4,abril,2024-04
"miércoles, 1 de mayo de 2024",2024,5,mayo,2024-05
"jueves, 2 de mayo de 2024",2024,5,mayo,2024-05
"viernes, 3 de mayo de 2024",2024,5,mayo,2024-05
"sábado, 4 de mayo de 2024",2024,5,mayo,2024-05
"domingo, 5 de mayo de 2024",2024,5,mayo,2024-05
"lunes, 6 de mayo de 2024",2024,5,mayo,2024-05
"martes, 7 de mayo de 2024",2024,5,mayo,2024-05
"miércoles, 8 de mayo de 2024",2024,5,mayo,2024-05
"jueves, 9 de mayo de 2024",2024,5,mayo,2024-05
"viernes, 10 de mayo de 2024",2024,5,mayo,2024-05
"sábado, 11 de mayo de 2024",2024,5,mayo,2024-05
"domingo, 12 de mayo de 2024",2024,5,mayo,2024-05
"lunes, 13 de mayo de 2024",2024,5,mayo,2024-05
"martes, 14 de mayo de 2024",2024,5,mayo,2024-05
"miércoles, 15 de mayo de 2024",2024,5,mayo,2024-05
"jueves, 16 de mayo de 2024",2024,5,mayo,2024-05
"viernes, 17 de mayo de 2024",2024,5,mayo,2024-05
"sábado, 18 de mayo de 2024",2024,5,mayo,2024-05
"domingo, 19 de mayo de 2024",2024,5,mayo,2024-05
"lunes, 20 de mayo de 2024",2024,5,mayo,2024-05
"martes, 21 de mayo de 2024",2024,5,mayo,2024-05
"miércoles, 22 de mayo de 2024",2024,5,mayo,2024-05
"jueves, 23 de mayo de 2024",2024,5,mayo,2024-05
"viernes, 24 de mayo de 2024",2024,5,mayo,2024-05
"sábado, 25 de mayo de 2024",2024,5,mayo,2024-05
"domingo, 26 de mayo de 2024",2024,5,mayo,2024-05
"lunes, 27 de mayo de 2024",2024,5,mayo,2024-05
"martes, 28 de mayo de 2024",2024,5,mayo,2024-05
"miércoles, 29 de mayo de 2024",2024,5,mayo,2024-05
"jueves, 30 de mayo de 2024",2024,5,mayo,2024-05
"viernes, 31 de mayo de 2024",2024,5,mayo,2024-05
"sábado, 1 de junio de 2024",2024,6,junio,2024-06
"domingo, 2 de junio de 2024",2024,6,junio,2024-06
"lunes, 3 de junio de 2024",2024,6,junio,2024-06
"martes, 4 de junio de 2024",2024,6,junio,2024-06
"miércoles, 5 de junio de 2024",2024,6,junio,2024-06
"jueves, 6 de junio de 2024",2024,6,junio,2024-06
"viernes, 7 de junio de 2024",2024,6,junio,2024-06
"sábado, 8 de junio de 2024",2024,6,junio,2024-06
"domingo, 9 de junio de 2024",2024,6,junio,2024-06
"lunes, 10 de junio de 2024",2024,6,junio,2024-06
"martes, 11 de junio de 2024",2024,6,junio,2024-06
"miércoles, 12 de junio de 2024",2024,6,junio,2024-06
"jueves, 13 de junio de 2024",2024,6,junio,2024-06
"viernes, 14 de junio de 2024",2024,6,junio,2024-06
"sábado, 15 de junio de 2024",2024,6,junio,2024-06
"domingo, 16 de junio de 2024",2024,6,junio,2024-06
"lunes, 17 de junio de 2024",2024,6,junio,2024-06
"martes, 18 de junio de 2024",2024,6,junio,2024-06
"miércoles, 19 de junio de 2024",2024,6,junio,2024-06
"jueves, 20 de junio de 2024",2024,6,junio,2024-06
"viernes, 21 de junio de 2024",2024,6,junio,2024-06
"sábado, 22 de junio de 2024",2024,6,junio,2024-06
"domingo, 23 de junio de 2024",2024,6,junio,2024-06
"lunes, 24 de junio de 2024",2024,6,junio,2024-06
"martes, 25 de junio de 2024",2024,6,junio,2024-06
"miércoles, 26 de junio de 2024",2024,6,junio,2024-06
"jueves, 27 de junio de 2024",2024,6,junio,2024-06
"viernes, 28 de junio de 2024",2024,6,junio,2024-06
"sábado, 29 de junio de 2024",2024,6,junio,2024-06
"domingo, 30 de junio de 2024",2024,6,junio,2024-06
"lunes, 1 de julio de 2024",2024,7,julio,2024-07
"martes, 2 de julio de 2024",2024,7,julio,2024-07
"miércoles, 3 de julio de 2024",2024,7,julio,2024-07
"jueves, 4 de julio de 2024",2024,7,julio,2024-07
"viernes, 5 de julio de 2024",2024,7,julio,2024-07
"sábado, 6 de julio de 2024",2024,7,julio,2024-07
"domingo, 7 de julio de 2024",2024,7,julio,2024-07
"lunes, 8 de julio de 2024",2024,7,julio,2024-07
"martes, 9 de julio de 2024",2024,7,julio,2024-07
"miércoles, 10 de julio de 2024",2024,7,julio,2024-07
"jueves, 11 de julio de 2024",2024,7,julio,2024-07
"viernes, 12 de julio de 2024",2024,7,julio,2024-07
"sábado, 13 de julio de 2024",2024,7,julio,2024-07
"domingo, 14 de julio de 2024",2024,7,julio,2024-07
"lunes, 15 de julio de 2024",2024,7,julio,2024-07
"martes, 16 de julio de 2024",2024,7,julio,2024-07
"miércoles, 17 de julio de 2024",2024,7,julio,2024-07
"jueves, 18 de julio de 2024",2024,7,julio,2024-07
"viernes, 19 de julio de 2024",2024,7,julio,2024-07
"sábado, 20 de julio de 2024",2024,7,julio,2024-07
"domingo, 21 de julio de 2024",2024,7,julio,2024-07
"lunes, 22 de julio de 2024",2024,7,julio,2024-07
"martes, 23 de julio de 2024",2024,7,julio,2024-07
"miércoles, 24 de julio de 2024",2024,7,julio,2024-07
"jueves, 25 de julio de 2024",2024,7,julio,2024-07
"viernes, 26 de julio de 2024",2024,7,julio,2024-07
"sábado, 27 de julio de 2024",2024,7,julio,2024-07
"domingo, 28 de julio de 2024",2024,7,julio,2024-07
"lunes, 29 de julio de 2024",2024,7,julio,2024-07
"martes, 30 de julio de 2024",2024,7,julio,2024-07
"miércoles, 31 de julio de 2024",2024,7,julio,2024-07
"jueves, 1 de agosto de 2024",2024,8,agosto,2024-08
"viernes, 2 de agosto de 2024",2024,8,agosto,2024-08
"sábado, 3 de agosto de 2024",2024,8,agosto,2024-08
"domingo, 4 de agosto de 2024",2024,8,agosto,2024-08
"lunes, 5 de agosto de 2024",2024,8,agosto,2024-08
"martes, 6 de agosto de 2024",2024,8,agosto,2024-08
"miércoles, 7 de agosto de 2024",2024,8,agosto,2024-08
"jueves, 8 de agosto de 2024",2024,8,agosto,2024-08
"viernes, 9 de agosto de 2024",2024,8,agosto,2024-08
"sábado, 10 de agosto de 2024",2024,8,agosto,2024-08
"domingo, 11 de agosto de 2024",2024,8,agosto,2024-08
"lunes, 12 de agosto de 2024",2024,8,agosto,2024-08
"martes, 13 de agosto de 2024",2024,8,agosto,2024-08
"miércoles, 14 de agosto de 2024",2024,8,agosto,2024-08
"jueves, 15 de agosto de 2024",2024,8,agosto,2024-08
"viernes, 16 de agosto de 2024",2024,8,agosto,2024-08
"sábado, 17 de agosto de 2024",2024,8,agosto,2024-08
"domingo, 18 de agosto de 2024",2024,8,agosto,2024-08
"lunes, 19 de agosto de 2024",2024,8,agosto,2024-08
"martes, 20 de agosto de 2024",2024,8,agosto,2024-08
"miércoles, 21 de agosto de 2024",2024,8,agosto,2024-08
"jueves, 22 de agosto de 2024",2024,8,agosto,2024-08
"viernes, 23 de agosto de 2024",2024,8,agosto,2024-08
"sábado, 24 de agosto de 2024",2024,8,agosto,2024-08
"domingo, 25 de agosto de 2024",2024,8,agosto,2024-08
"lunes, 26 de agosto de 2024",2024,8,agosto,2024-08
"martes, 27 de agosto de 2024",2024,8,agosto,2024-08
"miércoles, 28 de agosto de 2024",2024,8,agosto,2024-08
"jueves, 29 de agosto de 2024",2024,8,agosto,2024-08
"viernes, 30 de agosto de 2024",2024,8,agosto,2024-08
"sábado, 31 de agosto de 2024",2024,8,agosto,2024-08
"domingo, 1 de septiembre de 2024",2024,9,septiembre,2024-09
"lunes, 2 de septiembre de 2024",2024,9,septiembre,2024-09
"martes, 3 de septiembre de 2024",2024,9,septiembre,2024-09
"miércoles, 4 de septiembre de 2024",2024,9,septiembre,2024-09
"jueves, 5 de septiembre de 2024",2024,9,septiembre,2024-09
"viernes, 6 de septiembre de 2024",2024,9,septiembre,2024-09
"sábado, 7 de septiembre de 2024",2024,9,septiembre,2024-09
"domingo, 8 de septiembre de 2024",2024,9,septiembre,2024-09
"lunes, 9 de septiembre de 2024",2024,9,septiembre,2024-09
"martes, 10 de septiembre de 2024",2024,9,septiembre,2024-09
"miércoles, 11 de septiembre de 2024",2024,9,septiembre,2024-09
"jueves, 12 de septiembre de 2024",2024,9,septiembre,2024-09
"viernes, 13 de septiembre de 2024",2024,9,septiembre,2024-09
"sábado, 14 de septiembre de 2024",2024,9,septiembre,2024-09
"domingo, 15 de septiembre de 2024",2024,9,septiembre,2024-09
"lunes, 16 de septiembre de 2024",2024,9,septiembre,2024-09
"martes, 17 de septiembre de 2024",2024,9,septiembre,2024-09
"miércoles, 18 de septiembre de 2024",2024,9,septiembre,2024-09
"jueves, 19 de septiembre de 2024",2024,9,septiembre,2024-09
"viernes, 20 de septiembre de 2024",2024,9,septiembre,2024-09
"sábado, 21 de septiembre de 2024",2024,9,septiembre,2024-09
"domingo, 22 de septiembre de 2024",2024,9,septiembre,2024-09
"lunes, 23 de septiembre de 2024",2024,9,septiembre,2024-09
"martes, 24 de septiembre de 2024",2024,9,septiembre,2024-09
"miércoles, 25 de septiembre de 2024",2024,9,septiembre,2024-09
"jueves, 26 de septiembre de 2024",2024,9,septiembre,2024-09
"viernes, 27 de septiembre de 2024",2024,9,septiembre,2024-09
"sábado, 28 de septiembre de 2024",2024,9,septiembre,2024-09
"domingo, 29 de septiembre de 2024",2024,9,septiembre,2024-09
"lunes, 30 de septiembre de 2024",2024,9,septiembre,2024-09
"martes, 1 de octubre de 2024",2024,10,octubre,2024-10
"miércoles, 2 de octubre de 2024",2024,10,octubre,2024-10
"jueves, 3 de octubre de 2024",2024,10,octubre,2024-10
"viernes, 4 de octubre de 2024",2024,10,octubre,2024-10
"sábado, 5 de octubre de 2024",2024,10,octubre,2024-10
"domingo, 6 de octubre de 2024",2024,10,octubre,2024-10
"lunes, 7 de octubre de 2024",2024,10,octubre,2024-10
"martes, 8 de octubre de 2024",2024,10,octubre,2024-10
"miércoles, 9 de octubre de 2024",2024,10,octubre,2024-10
"jueves, 10 de octubre de 2024",2024,10,octubre,2024-10
"viernes, 11 de octubre de 2024",2024,10,octubre,2024-10
"sábado, 12 de octubre de 2024",2024,10,octubre,2024-10
"domingo, 13 de octubre de 2024",2024,10,octubre,2024-10
"lunes, 14 de octubre de 2024",2024,10,octubre,2024-10
"martes, 15 de octubre de 2024",2024,10,octubre,2024-10
"miércoles, 16 de octubre de 2024",2024,10,octubre,2024-10
"jueves, 17 de octubre de 2024",2024,10,octubre,2024-10
"viernes, 18 de octubre de 2024",2024,10,octubre,2024-10
"sábado, 19 de octubre de 2024",2024,10,octubre,2024-10
"domingo, 20 de octubre de 2024",2024,10,octubre,2024-10
"lunes, 21 de octubre de 2024",2024,10,octubre,2024-10
"martes, 22 de octubre de 2024",2024,10,octubre,2024-10
"miércoles, 23 de octubre de 2024",2024,10,octubre,2024-10
"jueves, 24 de octubre de 2024",2024,10,octubre,2024-10
"viernes, 25 de octubre de 2024",2024,10,octubre,2024-10
"sábado, 26 de octubre de 2024",2024,10,octubre,2024-10
"domingo, 27 de octubre de 2024",2024,10,octubre,2024-10
"lunes, 28 de octubre de 2024",2024,10,octubre,2024-10
"martes, 29 de octubre de 2024",2024,10,octubre,2024-10
"miércoles, 30 de octubre de 2024",2024,10,octubre,2024-10
"jueves, 31 de octubre de 2024",2024,10,octubre,2024-10
"viernes, 1 de noviembre de 2024",2024,11,noviembre,2024-11
"sábado, 2 de noviembre de 2024",2024,11,noviembre,2024-11
"domingo, 3 de noviembre de 2024",2024,11,noviembre,2024-11
"lunes, 4 de noviembre de 2024",2024,11,noviembre,2024-11
"martes, 5 de noviembre de 2024",2024,11,noviembre,2024-11
"miércoles, 6 de noviembre de 2024",2024,11,noviembre,2024-11
"jueves, 7 de noviembre de 2024",2024,11,noviembre,2024-11
"viernes, 8 de noviembre de 2024",2024,11,noviembre,2024-11
"sábado, 9 de noviembre de 2024",2024,11,noviembre,2024-11
"domingo, 10 de noviembre de 2024",2024,11,noviembre,2024-11
"lunes, 11 de noviembre de 2024",2024,11,noviembre,2024-11
"martes, 12 de noviembre de 2024",2024,11,noviembre,2024-11
"miércoles, 13 de noviembre de 2024",2024,11,noviembre,2024-11
"jueves, 14 de noviembre de 2024",2024,11,noviembre,2024-11
"viernes, 15 de noviembre de 2024",2024,11,noviembre,2024-11
"sábado, 16 de noviembre de 2024",2024,11,noviembre,2024-11
"domingo, 17 de noviembre de 2024",2024,11,noviembre,2024-11
"lunes, 18 de noviembre de 2024",2024,11,noviembre,2024-11
"martes, 19 de noviembre de 2024",2024,11,noviembre,2024-11
"miércoles, 20 de noviembre de 2024",2024,11,noviembre,2024-11
"jueves, 21 de noviembre de 2024",2024,11,noviembre,2024-11
"viernes, 22 de noviembre de 2024",2024,11,noviembre,2024-11
"sábado, 23 de noviembre de 2024",2024,11,noviembre,2024-11
"domingo, 24 de noviembre de 2024",2024,11,noviembre,2024-11
"lunes, 25 de noviembre de 2024",2024,11,noviembre,2024-11
"martes, 26 de noviembre de 2024",2024,11,noviembre,2024-11
"miércoles, 27 de noviembre de 2024",2024,11,noviembre,2024-11
"jueves, 28 de noviembre de 2024",2024,11,noviembre,2024-11
"viernes, 29 de noviembre de 2024",2024,11,noviembre,2024-11
"sábado, 30 de noviembre de 2024",2024,11,noviembre,2024-11
"domingo, 1 de diciembre de 2024",2024,12,diciembre,2024-12
"lunes, 2 de diciembre de 2024",2024,12,diciembre,2024-12
"martes, 3 de diciembre de 2024",2024,12,diciembre,2024-12
"miércoles, 4 de diciembre de 2024",2024,12,diciembre,2024-12
"jueves, 5 de diciembre de 2024",2024,12,diciembre,2024-12
"viernes, 6 de diciembre de 2024",2024,12,diciembre,2024-12
"sábado, 7 de diciembre de 2024",2024,12,diciembre,2024-12
"domingo, 8 de diciembre de 2024",2024,12,diciembre,2024-12
"lunes, 9 de diciembre de 2024",2024,12,diciembre,2024-12
"martes, 10 de diciembre de 2024",2024,12,diciembre,2024-12
"miércoles, 11 de diciembre de 2024",2024,12,diciembre,2024-12
"jueves, 12 de diciembre de 2024",2024,12,diciembre,2024-12
"viernes, 13 de diciembre de 2024",2024,12,diciembre,2024-12
"sábado, 14 de diciembre de 2024",2024,12,diciembre,2024-12
"domingo, 15 de diciembre de 2024",2024,12,diciembre,2024-12
"lunes, 16 de diciembre de 2024",2024,12,diciembre,2024-12
"martes, 17 de diciembre de 2024",2024,12,diciembre,2024-12
"miércoles, 18 de diciembre de 2024",2024,12,diciembre,2024-12
"jueves, 19 de diciembre de 2024",2024,12,diciembre,2024-12
"viernes, 20 de diciembre de 2024",2024,12,diciembre,2024-12
"sábado, 21 de diciembre de 2024",2024,12,diciembre,2024-12
"domingo, 22 de diciembre de 2024",2024,12,diciembre,2024-12
"lunes, 23 de diciembre de 2024",2024,12,diciembre,2024-12
"martes, 24 de diciembre de 2024",2024,12,diciembre,2024-12
"miércoles, 25 de diciembre de 2024",2024,12,diciembre,2024-12
"jueves, 26 de diciembre de 2024",2024,12,diciembre,2024-12
"viernes, 27 de diciembre de 2024",2024,12,diciembre,2024-12
"sábado, 28 de diciembre de 2024",2024,12,diciembre,2024-12
"domingo, 29 de diciembre de 2024",2024,12,diciembre,2024-12
"lunes, 30 de diciembre de 2024",2024,12,diciembre,2024-12
"martes, 31 de diciembre de 2024",2024,12,diciembre,2024-12
"domingo, 1 de enero de 2023",2023,1,enero,2023-01
"lunes, 2 de enero de 2023",2023,1,enero,2023-01
"martes, 3 de enero de 2023",2023,1,enero,2023-01
"miércoles, 4 de enero de 2023",2023,1,enero,2023-01
"jueves, 5 de enero de 2023",2023,1,enero,2023-01
"viernes, 6 de enero de 2023",2023,1,enero,2023-01
"sábado, 7 de enero de 2023",2023,1,enero,2023-01
"domingo, 8 de enero de 2023",2023,1,enero,2023-01
"lunes, 9 de enero de 2023",2023,1,enero,2023-01
"martes, 10 de enero de 2023",2023,1,enero,2023-01
"miércoles, 11 de enero de 2023",2023,1,enero,2023-01
"jueves, 12 de enero de 2023",2023,1,enero,2023-01
"viernes, 13 de enero de 2023",2023,1,enero,2023-01
"sábado, 14 de enero de 2023",2023,1,enero,2023-01
"domingo, 15 de enero de 2023",2023,1,enero,2023-01
"lunes, 16 de enero de 2023",2023,1,enero,2023-01
"martes, 17 de enero de 2023",2023,1,enero,2023-01
"miércoles, 18 de enero de 2023",2023,1,enero,2023-01
"jueves, 19 de enero de 2023",2023,1,enero,2023-01
"viernes, 20 de enero de 2023",2023,1,enero,2023-01
"sábado, 21 de enero de 2023",2023,1,enero,2023-01
"domingo, 22 de enero de 2023",2023,1,enero,2023-01
"lunes, 23 de enero de 2023",2023,1,enero,2023-01
"martes, 24 de enero de 2023",2023,1,enero,2023-01
"miércoles, 25 de enero de 2023",2023,1,enero,2023-01
"jueves, 26 de enero de 2023",2023,1,enero,2023-01
"viernes, 27 de enero de 2023",2023,1,enero,2023-01
"sábado, 28 de enero de 2023",2023,1,enero,2023-01
"domingo, 29 de enero de 2023",2023,1,enero,2023-01
"lunes, 30 de enero de 2023",2023,1,enero,2023-01
"martes, 31 de enero de 2023",2023,1,enero,2023-01
"miércoles, 1 de febrero de 2023",2023,2,febrero,2023-02
"jueves, 2 de febrero de 2023",2023,2,febrero,2023-02
"viernes, 3 de febrero de 2023",2023,2,febrero,2023-02
"sábado, 4 de febrero de 2023",2023,2,febrero,2023-02
"domingo, 5 de febrero de 2023",2023,2,febrero,2023-02
"lunes, 6 de febrero de 2023",2023,2,febrero,2023-02
"martes, 7 de febrero de 2023",2023,2,febrero,2023-02
"miércoles, 8 de febrero de 2023",2023,2,febrero,2023-02
"jueves, 9 de febrero de 2023",2023,2,febrero,2023-02
"viernes, 10 de febrero de 2023",2023,2,febrero,2023-02
"sábado, 11 de febrero de 2023",2023,2,febrero,2023-02
"domingo, 12 de febrero de 2023",2023,2,febrero,2023-02
"lunes, 13 de febrero de 2023",2023,2,febrero,2023-02
"martes, 14 de febrero de 2023",2023,2,febrero,2023-02
"miércoles, 15 de febrero de 2023",2023,2,febrero,2023-02
"jueves, 16 de febrero de 2023",2023,2,febrero,2023-02
"viernes, 17 de febrero de 2023",2023,2,febrero,2023-02
"sábado, 18 de febrero de 2023",2023,2,febrero,2023-02
"domingo, 19 de febrero de 2023",2023,2,febrero,2023-02
"lunes, 20 de febrero de 2023",2023,2,febrero,2023-02
"martes, 21 de febrero de 2023",2023,2,febrero,2023-02
"miércoles, 22 de febrero de 2023",2023,2,febrero,2023-02
"jueves, 23 de febrero de 2023",2023,2,febrero,2023-02
"viernes, 24 de febrero de 2023",2023,2,febrero,2023-02
"sábado, 25 de febrero de 2023",2023,2,febrero,2023-02
"domingo, 26 de febrero de 2023",2023,2,febrero,2023-02
"lunes, 27 de febrero de 2023",2023,2,febrero,2023-02
"martes, 28 de febrero de 2023",2023,2,febrero,2023-02
"miércoles, 1 de marzo de 2023",2023,3,marzo,2023-03
"jueves, 2 de marzo de 2023",2023,3,marzo,2023-03
"viernes, 3 de marzo de 2023",2023,3,marzo,2023-03
"sábado, 4 de marzo de 2023",2023,3,marzo,2023-03
"domingo, 5 de marzo de 2023",2023,3,marzo,2023-03
"lunes, 6 de marzo de 2023",2023,3,marzo,2023-03
"martes, 7 de marzo de 2023",2023,3,marzo,2023-03
"miércoles, 8 de marzo de 2023",2023,3,marzo,2023-03
"jueves, 9 de marzo de 2023",2023,3,marzo,2023-03
"viernes, 10 de marzo de 2023",2023,3,marzo,2023-03
"sábado, 11 de marzo de 2023",2023,3,marzo,2023-03
"domingo, 12 de marzo de 2023",2023,3,marzo,2023-03
"lunes, 13 de marzo de 2023",2023,3,marzo,2023-03
"martes, 14 de marzo de 2023",2023,3,marzo,2023-03
"miércoles, 15 de marzo de 2023",2023,3,marzo,2023-03
"jueves, 16 de marzo de 2023",2023,3,marzo,2023-03
"viernes, 17 de marzo de 2023",2023,3,marzo,2023-03
"sábado, 18 de marzo de 2023",2023,3,marzo,2023-03
"domingo, 19 de marzo de 2023",2023,3,marzo,2023-03
"lunes, 20 de marzo de 2023",2023,3,marzo,2023-03
"martes, 21 de marzo de 2023",2023,3,marzo,2023-03
"miércoles, 22 de marzo de 2023",2023,3,marzo,2023-03
"jueves, 23 de marzo de 2023",2023,3,marzo,2023-03
"viernes, 24 de marzo de 2023",2023,3,marzo,2023-03
"sábado, 25 de marzo de 2023",2023,3,marzo,2023-03
"domingo, 26 de marzo de 2023",2023,3,marzo,2023-03
"lunes, 27 de marzo de 2023",2023,3,marzo,2023-03
"martes, 28 de marzo de 2023",2023,3,marzo,2023-03
"miércoles, 29 de marzo de 2023",2023,3,marzo,2023-03
"jueves, 30 de marzo de 2023",2023,3,marzo,2023-03
"viernes, 31 de marzo de 2023",2023,3,marzo,2023-03
"sábado, 1 de abril de 2023",2023,4,abril,2023-04
"domingo, 2 de abril de 2023",2023,4,abril,2023-04
"lunes, 3 de abril de 2023",2023,4,abril,2023-04
"martes, 4 de abril de 2023",2023,4,abril,2023-04
"miércoles, 5 de abril de 2023",2023,4,abril,2023-04
"jueves, 6 de abril de 2023",2023,4,abril,2023-04
"viernes, 7 de abril de 2023",2023,4,abril,2023-04
"sábado, 8 de abril de 2023",2023,4,abril,2023-04
"domingo, 9 de abril de 2023",2023,4,abril,2023-04
"lunes, 10 de abril de 2023",2023,4,abril,2023-04
"martes, 11 de abril de 2023",2023,4,abril,2023-04
"miércoles, 12 de abril de 2023",2023,4,abril,2023-04
"jueves, 13 de abril de 2023",2023,4,abril,2023-04
"viernes, 14 de abril de 2023",2023,4,abril,2023-04
"sábado, 15 de abril de 2023",2023,4,abril,2023-04